{
    "AX": {
        "error": 1e-20,
        "fit": "default",
        "references": [],
        "value": 1.0
    },
    "H1": {
        "error": 1e-20,
        "fit": "default",
        "references": [],
        "value": 1.0
    },
    "H2": {
        "error": 1e-20,
        "fit": "default",
        "references": [],
        "value": 1.0
    },
    "L1": {
        "error": 1e-20,
        "fit": "default",
        "references": [],
        "value": 1.0
    },
    "L2(CDD)": {
        "error": 0.00046451226778770834,
        "fit": "Weighted Mean",
        "reference_data": {
            "es": [
                0.002175794565232017,
                0.0021517857453435983,
                0.0020208307194979455,
                0.0013295693816996986,
                0.0011416953344539514,
                0.0012287194131605384,
                0.0014050365193373387,
                0.001438760299254082,
                0.0013347170361888833,
                50.80515741571721,
                0.0013779889792780138,
                0.0013943241379586594,
                0.0014337981972623816,
                0.0014354111428013364,
                0.0013627410454833777,
                0.0013731862098677401,
                0.0013710636117326939
            ],
            "vs": [
                1.0228766885725804,
                1.021346701128744,
                1.018618606476665,
                1.019105529583069,
                1.0184123336136335,
                1.018335250644658,
                1.0195147089827412,
                1.0192942983282294,
                1.020543341487007,
                -767.7260302920862,
                1.0183861178986748,
                1.0190336678348064,
                1.017267110350861,
                1.0167251914553819,
                1.0235918872591265,
                1.018258832710375,
                1.0196177887351343
            ],
            "xs": [
                1575327342.0,
                1575327975.0,
                1575328609.0,
                1575329846.0,
                1575330490.0,
                1575331135.0,
                1575344300.0,
                1575351680.0,
                1575359169.0,
                1575365852.0,
                1575387977.0,
                1575388643.0,
                1575392643.0,
                1575399022.0,
                1575404786.0,
                1575411809.0,
                1575414948.0
            ]
        },
        "reference_detector": "H2",
        "references": [
            {
                "exclude": "ok",
                "record_id": "a-02-F-2244",
                "uuid": "82bb9e15-ff3a-41f9-808e-3b61858e5115"
            },
            {
                "exclude": "ok",
                "record_id": "a-02-F-2245",
                "uuid": "c5633b97-9da0-4aa7-90b4-4b6c7310436b"
            },
            {
                "exclude": "ok",
                "record_id": "a-02-F-2246",
                "uuid": "925bf37d-17db-4cda-89c3-4257f09d8851"
            },
            {
                "exclude": "ok",
                "record_id": "a-02-F-2247",
                "uuid": "1150de5b-8088-4267-8546-aa5ecba0a936"
            },
            {
                "exclude": "ok",
                "record_id": "a-02-F-2248",
                "uuid": "3f8fcefd-608e-415e-bbb7-2cbd2c4ff610"
            },
            {
                "exclude": "ok",
                "record_id": "a-02-F-2249",
                "uuid": "4c631fb7-769f-4ae4-a9cb-8ea4b563b3bd"
            },
            {
                "exclude": "ok",
                "record_id": "a-02-F-2250",
                "uuid": "fd882e17-8645-41ab-a061-a5b69986b623"
            },
            {
                "exclude": "ok",
                "record_id": "a-02-F-2251",
                "uuid": "92c14a32-fade-4461-b4e4-2e8a97716975"
            },
            {
                "exclude": "ok",
                "record_id": "a-02-F-2252",
                "uuid": "975fb308-e404-4e6e-9d4b-f85bd4b5a186"
            },
            {
                "exclude": "omit",
                "record_id": "a-02-F-2253",
                "uuid": "93e42ec4-95df-4871-a2d5-8e8762ff6bf0"
            },
            {
                "exclude": "ok",
                "record_id": "a-02-F-2254",
                "uuid": "7a77929c-0cdb-4f9a-b7de-1dde417c4961"
            },
            {
                "exclude": "ok",
                "record_id": "a-02-F-2255",
                "uuid": "e1d7b502-1890-4b74-bf9b-189631cd7661"
            },
            {
                "exclude": "ok",
                "record_id": "a-02-F-2256",
                "uuid": "2dbd6ac3-90a0-4118-a2dc-34c63a6e7bec"
            },
            {
                "exclude": "ok",
                "record_id": "a-02-F-2257",
                "uuid": "455bdca9-5926-4c2d-abf0-89c4cf577dd4"
            },
            {
                "exclude": "ok",
                "record_id": "a-02-F-2258",
                "uuid": "7f020d62-daf0-45af-8f05-df65d48e2c7a"
            },
            {
                "exclude": "ok",
                "record_id": "a-02-F-2259",
                "uuid": "6294d87a-e45b-4845-84a4-89458df4f171"
            },
            {
                "exclude": "ok",
                "record_id": "a-02-F-2260",
                "uuid": "629c2096-c40a-4bc6-bfa2-118418469f9d"
            }
        ],
        "reviewed": true,
        "standard_ratio": 295.5,
        "value": 1.0192330709470854
    }
}